step,overall_kmo,worst_var,worst_msa,p
1,0.5744897019818137,Nausea,0.33888362779927117,22
2,0.6098864962432936,Vomit,0.41275033784056303,21
3,0.6142318133495438,Dysarthria,0.4565010452677451,20
4,0.6179794022896523,Diplopia,0.4976818839056629,19
5,0.6217227888370201,Defect,0.49033779281550505,18
6,0.6333196515636695,Paresthesia,0.4713079376724792,17
7,0.6358063916309317,Duration,0.47503790959922804,16
8,0.6388258965931772,Frequency,0.4957039911136202,15
